{"samplesPerGender":30000,"profileNames":{"daddy":"daddy","kitten":"小猫咪","puppy":"小狗","mom":"妈妈","manmom":"男妈妈","foodie":"老吃家","caveman":"原始人","boundary":"刺猬","solo":"母胎solo","purelove":"纯爱战士","goodman":"好人","swordsman":"剑客","mute":"哑巴","simp":"舔狗","badboy":"渣男","badgirl":"渣女","hollow":"空心人","straight":"直球大师","netchat":"网恋专业户","siren":"魅魔","newbie":"刚出新手村","spender":"氪金玩家","lovebrain":"恋爱脑","zen":"禁欲系","player":"海王","rush":"上头怪"},"overall":{"self":{"kitten":0.0289,"newbie":0.061533333333333336,"siren":0.04507777777777777,"spender":0.1523111111111111,"mom":0.0279,"badgirl":0.023233333333333335,"simp":0.10738888888888887,"purelove":0.03825555555555556,"straight":0.03956666666666667,"caveman":0.029666666666666664,"netchat":0.0473,"lovebrain":0.017955555555555558,"hollow":0.011222222222222222,"foodie":0.0137,"zen":0.011711111111111113,"solo":0.005688888888888889,"puppy":0.02818888888888889,"mute":0.005488888888888889,"swordsman":0.01701111111111111,"rush":0.018322222222222222,"player":0.005822222222222222,"boundary":0.004233333333333334,"manmom":0.0651111111111111,"badboy":0.055188888888888885,"daddy":0.11836666666666666,"goodman":0.020855555555555554},"need":{"daddy":0.02118888888888889,"spender":0.4927111111111111,"puppy":0.050888888888888886,"lovebrain":0.024577777777777775,"purelove":0.009411111111111111,"simp":0.15932222222222225,"caveman":0.01308888888888889,"zen":0.0036888888888888883,"siren":0.032799999999999996,"manmom":0.02931111111111111,"netchat":0.015666666666666666,"swordsman":0.029455555555555554,"kitten":0.03626666666666667,"straight":0.009655555555555556,"badboy":0.004377777777777778,"newbie":0.012788888888888888,"solo":0.010377777777777777,"player":0.004988888888888888,"mute":0.007922222222222223,"boundary":0.0019333333333333333,"rush":0.005477777777777778,"foodie":0.006566666666666667,"hollow":0.003033333333333333,"goodman":0.00006666666666666667,"badgirl":0.009533333333333335,"mom":0.0049}},"byGender":{"female":{"self":{"kitten":0.0622,"newbie":0.07033333333333333,"siren":0.0552,"spender":0.1685,"mom":0.07856666666666667,"badgirl":0.05976666666666667,"simp":0.12863333333333332,"purelove":0.0713,"straight":0.041133333333333334,"caveman":0.032466666666666665,"netchat":0.05683333333333333,"lovebrain":0.019866666666666668,"hollow":0.014366666666666666,"foodie":0.017433333333333332,"zen":0.014566666666666667,"solo":0.006466666666666667,"puppy":0.03523333333333333,"mute":0.0068,"swordsman":0.023633333333333333,"rush":0.023166666666666665,"player":0.007266666666666667,"boundary":0.006266666666666667},"need":{"daddy":0.03783333333333333,"spender":0.4946333333333333,"puppy":0.049433333333333336,"lovebrain":0.023733333333333332,"purelove":0.0085,"simp":0.14983333333333335,"caveman":0.012133333333333333,"zen":0.0034333333333333334,"siren":0.023533333333333333,"manmom":0.0588,"netchat":0.0157,"swordsman":0.027066666666666666,"kitten":0.025833333333333333,"straight":0.008933333333333333,"badboy":0.013133333333333334,"newbie":0.011233333333333333,"solo":0.010066666666666666,"player":0.0043,"mute":0.006966666666666667,"boundary":0.0018333333333333333,"rush":0.004633333333333333,"foodie":0.0053,"hollow":0.0029666666666666665,"goodman":0.00016666666666666666}},"male":{"self":{"manmom":0.08126666666666667,"newbie":0.0509,"purelove":0.018366666666666667,"lovebrain":0.015133333333333334,"siren":0.030933333333333334,"badboy":0.12786666666666666,"straight":0.04616666666666667,"caveman":0.03543333333333333,"daddy":0.20876666666666666,"spender":0.1372,"simp":0.08416666666666667,"kitten":0.009133333333333334,"solo":0.004,"rush":0.0117,"puppy":0.019033333333333333,"netchat":0.0386,"foodie":0.009633333333333334,"zen":0.008266666666666667,"mute":0.0038666666666666667,"goodman":0.039066666666666666,"hollow":0.0078,"swordsman":0.008733333333333333,"player":0.0031333333333333335,"boundary":0.0008333333333333334},"need":{"lovebrain":0.024766666666666666,"spender":0.4906333333333333,"netchat":0.015766666666666665,"simp":0.1652,"hollow":0.0031666666666666666,"kitten":0.054,"straight":0.0105,"caveman":0.0152,"solo":0.010433333333333333,"rush":0.0056,"siren":0.04953333333333333,"puppy":0.05093333333333333,"boundary":0.002033333333333333,"badgirl":0.0137,"swordsman":0.030866666666666667,"purelove":0.009933333333333334,"player":0.004433333333333333,"mute":0.0082,"foodie":0.006966666666666667,"mom":0.011066666666666667,"newbie":0.0135,"zen":0.0035666666666666668}},"nonbinary":{"self":{"spender":0.15123333333333333,"lovebrain":0.018866666666666667,"manmom":0.11406666666666666,"goodman":0.0235,"purelove":0.0251,"straight":0.0314,"simp":0.10936666666666667,"rush":0.0201,"daddy":0.14633333333333334,"siren":0.0491,"badboy":0.0377,"netchat":0.04646666666666667,"newbie":0.06336666666666667,"solo":0.0066,"foodie":0.014033333333333333,"mom":0.0051333333333333335,"zen":0.0123,"caveman":0.0211,"swordsman":0.018666666666666668,"puppy":0.0303,"kitten":0.015366666666666667,"player":0.007066666666666666,"badgirl":0.009933333333333334,"mute":0.0058,"hollow":0.0115,"boundary":0.0056},"need":{"player":0.006233333333333333,"spender":0.4928666666666667,"badgirl":0.0149,"lovebrain":0.025233333333333333,"simp":0.16293333333333335,"daddy":0.025733333333333334,"straight":0.009533333333333333,"swordsman":0.030433333333333333,"puppy":0.0523,"manmom":0.029133333333333334,"kitten":0.02896666666666667,"mute":0.0086,"newbie":0.013633333333333334,"netchat":0.015533333333333333,"caveman":0.011933333333333334,"siren":0.025333333333333333,"solo":0.010633333333333333,"rush":0.0062,"hollow":0.0029666666666666665,"purelove":0.0098,"goodman":0.000033333333333333335,"foodie":0.0074333333333333335,"mom":0.0036333333333333335,"zen":0.004066666666666666,"boundary":0.0019333333333333333}}}}